ID,Close
id_713,119.19446
id_714,119.277016
id_715,119.23138
id_716,119.16098
id_717,119.15236
id_718,119.246544
id_719,118.94919
id_720,118.98467
id_721,119.00815
id_722,119.040184
id_723,119.09661
id_724,118.93972
id_725,118.99173
id_726,119.01134
id_727,119.01803
id_728,119.08175
id_729,118.938866
id_730,118.969734
id_731,118.97652
id_732,119.07058
id_733,119.02086
id_734,119.168495
id_735,119.31799
id_736,119.2628
id_737,119.25337
id_738,119.02758
id_739,118.97558
id_740,118.9908
id_741,119.01239
id_742,119.08577
id_743,118.902596
id_744,118.95576
id_745,118.98696
id_746,119.00241
id_747,119.07171
id_748,118.95708
id_749,118.96725
id_750,118.99762
id_751,119.06786
id_752,118.99855
id_753,119.02221
id_1467,45.57581
id_1468,45.47976
id_1469,45.495075
id_1470,45.480587
id_1471,45.383568
id_1472,45.341633
id_1473,45.1382
id_1474,45.19996
id_1475,45.198826
id_1476,45.18678
id_1477,45.133247
id_1478,45.086525
id_1479,45.124336
id_1480,45.133568
id_1481,45.095234
id_1482,45.098274
id_1483,45.08056
id_1484,45.123783
id_1485,45.128227
id_1486,45.129986
id_1487,45.081978
id_1488,45.09754
id_1489,45.12388
id_1490,45.087387
id_1491,45.112423
id_1492,45.004063
id_1493,45.020905
id_1494,45.034874
id_1495,44.801098
id_1496,44.85465
id_1497,44.639683
id_1498,44.65028
id_1499,44.694294
id_1500,44.678795
id_1501,44.69041
id_1502,44.567158
id_1503,44.626587
id_1504,44.54595
id_1505,44.587456
id_1506,44.60949
id_1507,44.661484
id_2221,149.41103
id_2222,149.51498
id_2223,149.49501
id_2224,149.41466
id_2225,149.43031
id_2226,149.59337
id_2227,149.51654
id_2228,149.62187
id_2229,149.69667
id_2230,149.71698
id_2231,149.76062
id_2232,149.83742
id_2233,149.84972
id_2234,149.84682
id_2235,149.84773
id_2236,149.86438
id_2237,149.83437
id_2238,149.87279
id_2239,149.96535
id_2240,149.90373
id_2241,149.85663
id_2242,149.86282
id_2243,149.83553
id_2244,149.90373
id_2245,149.99657
id_2246,149.89554
id_2247,149.86885
id_2248,149.9584
id_2249,149.96202
id_2250,149.99536
id_2251,149.91289
id_2252,149.91916
id_2253,149.91975
id_2254,149.93094
id_2255,149.95735
id_2256,149.87546
id_2257,149.87791
id_2258,149.91359
id_2259,149.96347
id_2260,150.05446
id_2261,149.99622
id_2975,74.08438
id_2976,74.21189
id_2977,74.19601
id_2978,74.14309
id_2979,74.227745
id_2980,74.25872
id_2981,74.29901
id_2982,74.24219
id_2983,74.23453
id_2984,74.24646
id_2985,74.287445
id_2986,74.18219
id_2987,74.183044
id_2988,74.164444
id_2989,74.17592
id_2990,74.41305
id_2991,74.42221
id_2992,74.42055
id_2993,74.38504
id_2994,74.57252
id_2995,74.63875
id_2996,74.405014
id_2997,74.1955
id_2998,74.17419
id_2999,74.24131
id_3000,74.19922
id_3001,74.21571
id_3002,74.177185
id_3003,73.97242
id_3004,74.002304
id_3005,74.16189
id_3006,74.18972
id_3007,74.13886
id_3008,74.17029
id_3009,74.211624
id_3010,74.55842
id_3011,74.57698
id_3012,74.84445
id_3013,74.849686
id_3014,75.13344
id_3015,75.12752
id_3729,63.978386
id_3730,63.463047
id_3731,63.3948
id_3732,62.981625
id_3733,63.047787
id_3734,62.971058
id_3735,62.63162
id_3736,62.978405
id_3737,62.313534
id_3738,61.885975
id_3739,61.879833
id_3740,61.913895
id_3741,61.89031
id_3742,61.97367
id_3743,62.06264
id_3744,62.056866
id_3745,60.925785
id_3746,60.896942
id_3747,60.871624
id_3748,60.89864
id_3749,60.938137
id_3750,60.944843
id_3751,60.89314
id_3752,60.909256
id_3753,60.870457
id_3754,60.944546
id_3755,60.938686
id_3756,60.814003
id_3757,60.795753
id_3758,60.769455
id_3759,60.64234
id_3760,60.68026
id_3761,60.689476
id_3762,60.698326
id_3763,60.708984
id_3764,60.65956
id_3765,60.640057
id_3766,60.61009
id_3767,60.61101
id_3768,60.77503
id_3769,60.754436
id_4483,147.1203
id_4484,146.55174
id_4485,146.7034
id_4486,146.80249
id_4487,146.84367
id_4488,146.82684
id_4489,145.32744
id_4490,146.21161
id_4491,146.68123
id_4492,146.69446
id_4493,146.20323
id_4494,145.28328
id_4495,146.25447
id_4496,146.35257
id_4497,146.73714
id_4498,146.73195
id_4499,146.22691
id_4500,146.63716
id_4501,146.84328
id_4502,147.02005
id_4503,146.59064
id_4504,146.51082
id_4505,146.61995
id_4506,145.62308
id_4507,145.22267
id_4508,141.72891
id_4509,141.92703
id_4510,142.03618
id_4511,140.97902
id_4512,140.92407
id_4513,137.13896
id_4514,136.93423
id_4515,136.8603
id_4516,135.83443
id_4517,135.61095
id_4518,132.83774
id_4519,132.82507
id_4520,132.80916
id_4521,133.05304
id_4522,133.1698
id_4523,135.24878
id_5237,125.30589
id_5238,125.46581
id_5239,125.434
id_5240,125.6236
id_5241,125.5973
id_5242,125.626976
id_5243,126.05612
id_5244,126.313126
id_5245,126.40047
id_5246,126.3414
id_5247,126.35895
id_5248,126.72325
id_5249,126.81436
id_5250,126.95397
id_5251,126.97145
id_5252,127.12853
id_5253,127.40883
id_5254,127.472275
id_5255,127.47242
id_5256,127.38973
id_5257,127.66161
id_5258,127.72667
id_5259,127.705696
id_5260,127.57657
id_5261,127.497955
id_5262,127.53027
id_5263,127.5864
id_5264,127.59008
id_5265,127.501015
id_5266,127.41977
id_5267,127.47188
id_5268,127.53814
id_5269,127.552025
id_5270,127.49722
id_5271,127.43414
id_5272,127.47083
id_5273,127.50949
id_5274,127.47703
id_5275,127.38939
id_5276,127.43769
id_5277,127.49797
id_5991,150.91895
id_5992,150.35794
id_5993,150.54967
id_5994,150.77596
id_5995,150.18416
id_5996,150.19997
id_5997,150.27048
id_5998,149.87936
id_5999,150.21234
id_6000,150.03111
id_6001,150.21928
id_6002,149.4902
id_6003,149.7837
id_6004,149.69304
id_6005,149.5194
id_6006,149.76347
id_6007,149.95795
id_6008,149.81949
id_6009,150.46417
id_6010,150.51353
id_6011,150.11392
id_6012,150.69823
id_6013,150.61479
id_6014,150.21246
id_6015,150.22842
id_6016,149.58307
id_6017,149.70872
id_6018,149.59296
id_6019,149.06865
id_6020,148.78448
id_6021,148.502
id_6022,148.34422
id_6023,148.35564
id_6024,148.61714
id_6025,148.36772
id_6026,148.10127
id_6027,148.27756
id_6028,148.30609
id_6029,149.06421
id_6030,149.67567
id_6031,150.2976
id_6745,61.7351
id_6746,61.479374
id_6747,61.473682
id_6748,61.41046
id_6749,61.222122
id_6750,61.228745
id_6751,61.074463
id_6752,61.106853
id_6753,61.053413
id_6754,60.963577
id_6755,60.981155
id_6756,60.793415
id_6757,60.795883
id_6758,60.7889
id_6759,60.787018
id_6760,60.79374
id_6761,60.75699
id_6762,60.754036
id_6763,60.770386
id_6764,60.77638
id_6765,60.806187
id_6766,60.784912
id_6767,60.80671
id_6768,60.804173
id_6769,60.790844
id_6770,60.73944
id_6771,60.736103
id_6772,60.548664
id_6773,60.517136
id_6774,60.528896
id_6775,60.358273
id_6776,60.31914
id_6777,60.025146
id_6778,60.03893
id_6779,60.066864
id_6780,59.944603
id_6781,59.99783
id_6782,59.919205
id_6783,59.948162
id_6784,59.979385
id_6785,60.010963
id_7499,186.32896
id_7500,186.33319
id_7501,186.46077
id_7502,186.3767
id_7503,186.30829
id_7504,186.32343
id_7505,186.4483
id_7506,186.3204
id_7507,186.28271
id_7508,186.29335
id_7509,186.77448
id_7510,186.84445
id_7511,187.16455
id_7512,187.27873
id_7513,187.13954
id_7514,187.25188
id_7515,187.86517
id_7516,187.83348
id_7517,188.2678
id_7518,188.28304
id_7519,188.28883
id_7520,188.64575
id_7521,188.63547
id_7522,188.22821
id_7523,188.19684
id_7524,187.56583
id_7525,187.55061
id_7526,187.3222
id_7527,187.22775
id_7528,186.84691
id_7529,186.04202
id_7530,185.81306
id_7531,185.83066
id_7532,184.80637
id_7533,184.08075
id_7534,184.33253
id_7535,184.18347
id_7536,183.89766
id_7537,184.2288
id_7538,185.56015
id_7539,185.511
id_8253,56.5781
id_8254,56.56637
id_8255,56.541935
id_8256,56.56145
id_8257,56.54828
id_8258,56.54192
id_8259,56.54969
id_8260,56.52794
id_8261,56.565197
id_8262,56.54162
id_8263,56.50905
id_8264,56.53737
id_8265,56.522144
id_8266,56.562027
id_8267,56.528435
id_8268,56.501102
id_8269,56.547947
id_8270,56.514824
id_8271,56.555176
id_8272,56.525715
id_8273,56.564507
id_8274,56.527596
id_8275,56.551277
id_8276,56.521423
id_8277,56.5246
id_8278,56.530567
id_8279,56.51693
id_8280,56.538292
id_8281,56.518837
id_8282,56.516323
id_8283,56.50124
id_8284,56.4591
id_8285,56.38335
id_8286,56.333706
id_8287,56.300507
id_8288,56.76005
id_8289,56.697906
id_8290,56.607788
id_8291,56.609097
id_8292,56.528423
id_8293,56.516895
id_9007,89.419945
id_9008,89.47109
id_9009,89.434654
id_9010,89.83069
id_9011,89.831825
id_9012,89.83845
id_9013,89.92448
id_9014,89.842674
id_9015,89.814476
id_9016,89.79406
id_9017,89.802864
id_9018,89.84816
id_9019,89.90552
id_9020,89.98927
id_9021,89.97253
id_9022,90.1101
id_9023,90.158104
id_9024,90.13506
id_9025,90.12935
id_9026,90.12837
id_9027,89.98462
id_9028,89.99213
id_9029,89.9715
id_9030,89.96825
id_9031,89.982025
id_9032,89.99553
id_9033,89.99459
id_9034,89.98077
id_9035,89.97431
id_9036,89.98974
id_9037,89.97753
id_9038,89.97956
id_9039,89.986664
id_9040,90.03972
id_9041,90.046875
id_9042,90.11366
id_9043,90.12387
id_9044,90.19392
id_9045,90.14175
id_9046,90.216965
id_9047,90.213615
id_9761,89.60383
id_9762,89.63103
id_9763,89.280846
id_9764,89.25285
id_9765,89.25114
id_9766,89.239204
id_9767,89.26165
id_9768,89.224945
id_9769,89.07627
id_9770,88.15834
id_9771,88.276634
id_9772,88.26272
id_9773,88.188515
id_9774,88.592705
id_9775,88.497284
id_9776,88.89797
id_9777,88.8665
id_9778,88.82462
id_9779,88.710045
id_9780,88.624855
id_9781,88.63129
id_9782,88.560295
id_9783,88.66201
id_9784,88.25883
id_9785,88.22625
id_9786,88.46474
id_9787,88.48784
id_9788,88.708244
id_9789,88.493225
id_9790,88.39541
id_9791,87.59759
id_9792,87.47938
id_9793,87.654976
id_9794,87.54272
id_9795,88.009995
id_9796,87.666214
id_9797,87.50168
id_9798,87.73415
id_9799,87.82627
id_9800,87.767845
id_9801,88.75982
id_10515,63.329754
id_10516,63.316948
id_10517,63.367867
id_10518,63.42433
id_10519,63.426346
id_10520,63.441566
id_10521,63.52132
id_10522,63.50381
id_10523,63.524628
id_10524,63.51528
id_10525,63.520485
id_10526,63.819305
id_10527,63.811073
id_10528,63.828506
id_10529,63.824295
id_10530,63.833214
id_10531,63.808792
id_10532,63.780487
id_10533,63.83644
id_10534,63.772972
id_10535,63.67843
id_10536,63.647636
id_10537,63.691544
id_10538,63.661194
id_10539,63.674377
id_10540,63.734802
id_10541,63.726845
id_10542,63.78415
id_10543,63.757156
id_10544,63.75345
id_10545,63.72084
id_10546,63.718643
id_10547,63.830627
id_10548,63.81658
id_10549,63.826065
id_10550,63.828896
id_10551,63.82557
id_10552,63.90365
id_10553,63.84659
id_10554,63.845695
id_10555,63.798187
id_11269,76.754776
id_11270,76.61225
id_11271,76.63309
id_11272,76.57245
id_11273,76.53228
id_11274,76.519844
id_11275,76.4283
id_11276,76.42469
id_11277,76.35469
id_11278,76.33606
id_11279,76.33787
id_11280,76.235085
id_11281,76.2192
id_11282,76.216415
id_11283,76.22024
id_11284,76.19484
id_11285,76.19225
id_11286,76.21987
id_11287,76.17378
id_11288,76.156975
id_11289,76.104996
id_11290,76.11195
id_11291,76.0485
id_11292,76.032364
id_11293,76.03564
id_11294,75.820435
id_11295,75.837875
id_11296,75.79076
id_11297,75.712715
id_11298,75.69892
id_11299,75.63474
id_11300,75.62885
id_11301,75.385994
id_11302,75.38943
id_11303,75.35652
id_11304,75.240265
id_11305,75.24474
id_11306,75.211876
id_11307,75.20327
id_11308,75.19952
id_11309,75.1971
id_12023,64.127
id_12024,64.13411
id_12025,64.12778
id_12026,64.14474
id_12027,64.15584
id_12028,64.17358
id_12029,64.16207
id_12030,64.19899
id_12031,64.195496
id_12032,64.21558
id_12033,64.20991
id_12034,64.22629
id_12035,64.223816
id_12036,64.23269
id_12037,64.23172
id_12038,64.231155
id_12039,64.21663
id_12040,64.186005
id_12041,64.183014
id_12042,64.24865
id_12043,64.18735
id_12044,64.204
id_12045,64.2017
id_12046,64.2039
id_12047,64.20184
id_12048,64.223885
id_12049,64.231
id_12050,64.22969
id_12051,64.21373
id_12052,64.22332
id_12053,64.23108
id_12054,64.23326
id_12055,64.21359
id_12056,64.20679
id_12057,64.22913
id_12058,64.260574
id_12059,64.24901
id_12060,64.20816
id_12061,64.26194
id_12062,64.22076
id_12063,64.22977
id_12777,65.96005
id_12778,65.977325
id_12779,66.04171
id_12780,66.061935
id_12781,66.194786
id_12782,66.25045
id_12783,66.22602
id_12784,66.22901
id_12785,66.23963
id_12786,66.22918
id_12787,66.2195
id_12788,66.258064
id_12789,66.264114
id_12790,66.18959
id_12791,66.23769
id_12792,66.31661
id_12793,66.19338
id_12794,66.20358
id_12795,66.17445
id_12796,66.189995
id_12797,66.22481
id_12798,66.194214
id_12799,66.24392
id_12800,66.242805
id_12801,66.20207
id_12802,66.22121
id_12803,66.20599
id_12804,66.221245
id_12805,66.22923
id_12806,66.24311
id_12807,66.23972
id_12808,66.217
id_12809,66.2383
id_12810,66.23416
id_12811,66.22248
id_12812,66.05799
id_12813,65.95909
id_12814,65.82136
id_12815,65.97025
id_12816,65.83857
id_12817,66.0524
id_13531,57.58767
id_13532,57.501793
id_13533,57.4967
id_13534,57.491398
id_13535,57.47932
id_13536,57.488396
id_13537,57.44298
id_13538,57.449257
id_13539,57.451763
id_13540,57.44776
id_13541,57.443066
id_13542,57.419697
id_13543,57.421688
id_13544,57.424103
id_13545,57.38908
id_13546,57.34482
id_13547,57.25159
id_13548,57.36279
id_13549,57.252495
id_13550,57.24122
id_13551,57.222267
id_13552,57.27166
id_13553,57.273346
id_13554,57.259804
id_13555,57.258022
id_13556,57.24052
id_13557,57.285255
id_13558,57.39463
id_13559,57.400784
id_13560,57.403763
id_13561,57.445084
id_13562,57.4905
id_13563,57.500164
id_13564,57.502953
id_13565,57.505978
id_13566,57.495995
id_13567,57.50635
id_13568,57.50002
id_13569,57.516914
id_13570,57.42954
id_13571,57.433685
id_14285,80.663765
id_14286,80.63136
id_14287,80.65268
id_14288,80.68335
id_14289,80.66705
id_14290,80.62022
id_14291,80.65743
id_14292,80.65264
id_14293,80.99514
id_14294,81.01774
id_14295,80.9649
id_14296,81.11825
id_14297,81.11446
id_14298,81.11419
id_14299,81.37162
id_14300,81.36555
id_14301,81.504234
id_14302,81.621956
id_14303,81.67936
id_14304,81.664024
id_14305,81.63491
id_14306,81.645164
id_14307,81.672554
id_14308,81.64152
id_14309,81.62588
id_14310,81.73913
id_14311,81.80387
id_14312,81.80183
id_14313,81.807396
id_14314,81.75547
id_14315,81.42213
id_14316,81.327
id_14317,81.3328
id_14318,81.394554
id_14319,81.32369
id_14320,81.01093
id_14321,81.340645
id_14322,81.31591
id_14323,81.4481
id_14324,81.63271
id_14325,81.65075
id_15039,119.24516
id_15040,118.81224
id_15041,118.842804
id_15042,118.79834
id_15043,118.310745
id_15044,118.69951
id_15045,118.218704
id_15046,118.83799
id_15047,118.752205
id_15048,118.39269
id_15049,118.7705
id_15050,118.89113
id_15051,118.84505
id_15052,119.08044
id_15053,118.812065
id_15054,119.1441
id_15055,119.04192
id_15056,119.04045
id_15057,119.61221
id_15058,119.70587
id_15059,119.62526
id_15060,119.68889
id_15061,119.69832
id_15062,119.718185
id_15063,119.692276
id_15064,119.69717
id_15065,118.967575
id_15066,118.95797
id_15067,119.17351
id_15068,119.18796
id_15069,118.627884
id_15070,118.63482
id_15071,118.79219
id_15072,119.02259
id_15073,119.024254
id_15074,119.26598
id_15075,119.500534
id_15076,119.634155
id_15077,120.08298
id_15078,120.663864
id_15079,120.98168
id_15793,69.402725
id_15794,69.329735
id_15795,69.602036
id_15796,69.558105
id_15797,69.59096
id_15798,69.591805
id_15799,69.42869
id_15800,69.569
id_15801,69.56847
id_15802,69.50599
id_15803,69.78728
id_15804,69.76731
id_15805,69.73592
id_15806,69.75828
id_15807,69.77274
id_15808,69.96962
id_15809,70.02391
id_15810,70.17556
id_15811,70.14042
id_15812,70.214134
id_15813,70.2382
id_15814,70.23604
id_15815,70.19323
id_15816,70.20402
id_15817,70.21502
id_15818,70.203705
id_15819,70.00014
id_15820,69.968475
id_15821,69.95748
id_15822,70.039795
id_15823,69.88178
id_15824,69.81032
id_15825,69.78967
id_15826,69.55784
id_15827,69.88023
id_15828,69.5799
id_15829,69.74808
id_15830,69.75893
id_15831,69.98564
id_15832,70.19363
id_15833,70.28052
id_16547,62.07718
id_16548,62.009777
id_16549,62.03862
id_16550,61.998684
id_16551,62.03595
id_16552,62.016613
id_16553,61.557476
id_16554,61.592854
id_16555,61.627518
id_16556,61.617493
id_16557,61.412968
id_16558,61.20491
id_16559,61.187317
id_16560,61.160378
id_16561,61.098938
id_16562,61.036278
id_16563,60.879734
id_16564,61.001453
id_16565,60.954277
id_16566,61.008976
id_16567,60.53316
id_16568,60.492836
id_16569,60.477024
id_16570,60.331436
id_16571,60.372246
id_16572,60.303116
id_16573,60.261936
id_16574,60.130947
id_16575,60.097782
id_16576,59.971046
id_16577,59.955833
id_16578,59.96359
id_16579,59.935314
id_16580,59.866734
id_16581,59.832233
id_16582,59.79467
id_16583,59.85674
id_16584,59.882362
id_16585,59.890614
id_16586,60.143044
id_16587,60.241276
id_17301,52.828552
id_17302,52.808117
id_17303,52.83716
id_17304,53.061836
id_17305,53.070168
id_17306,53.181904
id_17307,53.13056
id_17308,53.257442
id_17309,53.216167
id_17310,53.18226
id_17311,53.160027
id_17312,53.29669
id_17313,53.310085
id_17314,53.27231
id_17315,53.26291
id_17316,53.340343
id_17317,53.296513
id_17318,53.561474
id_17319,53.36512
id_17320,53.452427
id_17321,53.39889
id_17322,53.4151
id_17323,53.41839
id_17324,53.354702
id_17325,53.44618
id_17326,53.538296
id_17327,53.557415
id_17328,53.541573
id_17329,53.54179
id_17330,53.388206
id_17331,53.617226
id_17332,53.61287
id_17333,53.787155
id_17334,53.693737
id_17335,54.273632
id_17336,54.498272
id_17337,54.80775
id_17338,54.79986
id_17339,54.86261
id_17340,55.738693
id_17341,55.745018
id_18055,57.610012
id_18056,57.571777
id_18057,57.57909
id_18058,57.596066
id_18059,57.5747
id_18060,57.573772
id_18061,57.532234
id_18062,57.571556
id_18063,57.54649
id_18064,57.539345
id_18065,57.554546
id_18066,57.515816
id_18067,57.48387
id_18068,57.492325
id_18069,57.54308
id_18070,57.54535
id_18071,57.45984
id_18072,57.475075
id_18073,57.50583
id_18074,57.500378
id_18075,57.501736
id_18076,57.51638
id_18077,57.564777
id_18078,57.567883
id_18079,57.571568
id_18080,57.571682
id_18081,57.56656
id_18082,57.577076
id_18083,57.573322
id_18084,57.58378
id_18085,57.593594
id_18086,57.616997
id_18087,57.646107
id_18088,57.642487
id_18089,57.68302
id_18090,57.69518
id_18091,57.705017
id_18092,57.708466
id_18093,57.707794
id_18094,57.703392
id_18095,57.699318
id_18809,108.646065
id_18810,108.862686
id_18811,108.87716
id_18812,108.85802
id_18813,108.85753
id_18814,108.86842
id_18815,108.90194
id_18816,108.897316
id_18817,108.959755
id_18818,108.908424
id_18819,108.90943
id_18820,108.92711
id_18821,108.8935
id_18822,108.90542
id_18823,108.91587
id_18824,108.91949
id_18825,108.92017
id_18826,108.92232
id_18827,108.94652
id_18828,108.83498
id_18829,108.86561
id_18830,108.840805
id_18831,108.82754
id_18832,108.847275
id_18833,108.808975
id_18834,108.885216
id_18835,108.843735
id_18836,108.86317
id_18837,108.83249
id_18838,108.91698
id_18839,108.90449
id_18840,108.86839
id_18841,108.88927
id_18842,108.88802
id_18843,108.88372
id_18844,108.913925
id_18845,108.92404
id_18846,108.95083
id_18847,108.9337
id_18848,108.96198
id_18849,108.92969
id_19563,49.92642
id_19564,49.961964
id_19565,49.98277
id_19566,50.00205
id_19567,49.89106
id_19568,49.960297
id_19569,50.24481
id_19570,49.99275
id_19571,49.9895
id_19572,50.119183
id_19573,50.15799
id_19574,50.143593
id_19575,50.157265
id_19576,50.132782
id_19577,50.081543
id_19578,50.062187
id_19579,50.11062
id_19580,50.17317
id_19581,50.161686
id_19582,50.121754
id_19583,50.01544
id_19584,50.049255
id_19585,50.047825
id_19586,50.044544
id_19587,50.045315
id_19588,50.08414
id_19589,50.08976
id_19590,50.119816
id_19591,50.06433
id_19592,50.050446
id_19593,50.146114
id_19594,50.14604
id_19595,50.145855
id_19596,50.133553
id_19597,50.11268
id_19598,50.160156
id_19599,50.15603
id_19600,50.168888
id_19601,50.147736
id_19602,50.173985
id_19603,50.1661
id_20317,66.38618
id_20318,66.33947
id_20319,66.41771
id_20320,66.34456
id_20321,66.250824
id_20322,66.41406
id_20323,67.16565
id_20324,66.90108
id_20325,66.93214
id_20326,66.91256
id_20327,67.289246
id_20328,67.86597
id_20329,68.37731
id_20330,68.399635
id_20331,68.40689
id_20332,68.39421
id_20333,68.82953
id_20334,69.22465
id_20335,69.65351
id_20336,70.32044
id_20337,70.6527
id_20338,71.37972
id_20339,71.269745
id_20340,71.322586
id_20341,71.7528
id_20342,71.80637
id_20343,72.68946
id_20344,72.59306
id_20345,71.66237
id_20346,71.674446
id_20347,71.79863
id_20348,71.81008
id_20349,71.82176
id_20350,71.42525
id_20351,71.32259
id_20352,70.59029
id_20353,71.38842
id_20354,71.883934
id_20355,70.81249
id_20356,70.73137
id_20357,71.0163
id_21071,39.847855
id_21072,39.75316
id_21073,39.968033
id_21074,39.845795
id_21075,39.82667
id_21076,40.00511
id_21077,39.820442
id_21078,39.84577
id_21079,39.663044
id_21080,39.677906
id_21081,39.69058
id_21082,39.15184
id_21083,39.087173
id_21084,38.630608
id_21085,38.644073
id_21086,38.530388
id_21087,37.886486
id_21088,37.89462
id_21089,37.915012
id_21090,37.9826
id_21091,37.952587
id_21092,37.972004
id_21093,37.999203
id_21094,38.02282
id_21095,38.040695
id_21096,38.10745
id_21097,38.09791
id_21098,38.09832
id_21099,38.078392
id_21100,38.108532
id_21101,38.067616
id_21102,38.058277
id_21103,38.322445
id_21104,38.582623
id_21105,38.69014
id_21106,39.05291
id_21107,39.585747
id_21108,39.65671
id_21109,40.893875
id_21110,41.034176
id_21111,40.990253
id_21825,27.178164
id_21826,27.205782
id_21827,27.206142
id_21828,27.209087
id_21829,27.213018
id_21830,27.454025
id_21831,27.571468
id_21832,27.51788
id_21833,27.663757
id_21834,27.669228
id_21835,27.694235
id_21836,27.800322
id_21837,28.073418
id_21838,28.094221
id_21839,28.17385
id_21840,28.208458
id_21841,28.30266
id_21842,28.496012
id_21843,28.545734
id_21844,28.63473
id_21845,28.786453
id_21846,28.802074
id_21847,28.8951
id_21848,28.820217
id_21849,28.884357
id_21850,28.782095
id_21851,28.763622
id_21852,28.654945
id_21853,28.661665
id_21854,28.661945
id_21855,28.551628
id_21856,28.512882
id_21857,28.543554
id_21858,28.536482
id_21859,28.332642
id_21860,28.269518
id_21861,28.483358
id_21862,28.54849
id_21863,28.530067
id_21864,28.844584
id_21865,29.013884
id_22579,47.591747
id_22580,47.63132
id_22581,47.651333
id_22582,47.650196
id_22583,47.648647
id_22584,47.659943
id_22585,47.568783
id_22586,47.644367
id_22587,47.62289
id_22588,47.629322
id_22589,47.641438
id_22590,47.43267
id_22591,47.448677
id_22592,47.447487
id_22593,47.524887
id_22594,47.45545
id_22595,47.42461
id_22596,47.441868
id_22597,47.5182
id_22598,47.66978
id_22599,47.658417
id_22600,47.651634
id_22601,47.699265
id_22602,47.71949
id_22603,47.70894
id_22604,47.540142
id_22605,47.52028
id_22606,47.515438
id_22607,47.535282
id_22608,47.59317
id_22609,47.522766
id_22610,47.46971
id_22611,47.493492
id_22612,47.476387
id_22613,47.48806
id_22614,47.487286
id_22615,47.445667
id_22616,47.482853
id_22617,47.506207
id_22618,47.39136
id_22619,47.362324
id_23333,68.19182
id_23334,68.20393
id_23335,68.16132
id_23336,68.108406
id_23337,68.16565
id_23338,68.08118
id_23339,67.511856
id_23340,68.07511
id_23341,68.062584
id_23342,68.065125
id_23343,68.08232
id_23344,68.05725
id_23345,68.062355
id_23346,68.00871
id_23347,68.05243
id_23348,68.02372
id_23349,68.0951
id_23350,68.090935
id_23351,68.10531
id_23352,68.10708
id_23353,68.16831
id_23354,68.12651
id_23355,68.11471
id_23356,68.135315
id_23357,68.14027
id_23358,68.11583
id_23359,68.12753
id_23360,68.10878
id_23361,68.138794
id_23362,68.15157
id_23363,68.18958
id_23364,68.208664
id_23365,68.19563
id_23366,68.22209
id_23367,68.255165
id_23368,68.43204
id_23369,68.43805
id_23370,68.409836
id_23371,68.55403
id_23372,68.82985
id_23373,68.894966
id_24087,80.37483
id_24088,79.63844
id_24089,79.627075
id_24090,79.53578
id_24091,79.26642
id_24092,79.46232
id_24093,78.54309
id_24094,78.59165
id_24095,78.42913
id_24096,78.42483
id_24097,78.57993
id_24098,78.70127
id_24099,79.56579
id_24100,79.50491
id_24101,79.40052
id_24102,79.52161
id_24103,80.38399
id_24104,80.58945
id_24105,80.605484
id_24106,81.6682
id_24107,81.53099
id_24108,81.70624
id_24109,81.65207
id_24110,81.41264
id_24111,81.75473
id_24112,81.58509
id_24113,81.54983
id_24114,80.608055
id_24115,80.60974
id_24116,80.48864
id_24117,79.65761
id_24118,79.70384
id_24119,79.5521
id_24120,79.66886
id_24121,79.656555
id_24122,78.36519
id_24123,78.4467
id_24124,78.560196
id_24125,78.5395
id_24126,78.87765
id_24127,79.947624
id_24841,59.83343
id_24842,59.690582
id_24843,59.821377
id_24844,59.86127
id_24845,59.853165
id_24846,59.858505
id_24847,59.91891
id_24848,59.825493
id_24849,59.836338
id_24850,59.891827
id_24851,60.06008
id_24852,59.872826
id_24853,60.02648
id_24854,60.067654
id_24855,60.058388
id_24856,60.074997
id_24857,60.04912
id_24858,60.24562
id_24859,60.286
id_24860,60.40109
id_24861,60.39749
id_24862,60.370758
id_24863,60.36249
id_24864,60.37551
id_24865,60.3713
id_24866,60.20254
id_24867,60.17376
id_24868,60.060036
id_24869,60.073727
id_24870,60.060966
id_24871,59.620632
id_24872,59.586773
id_24873,59.58634
id_24874,59.59028
id_24875,59.586525
id_24876,59.207394
id_24877,59.328552
id_24878,59.251858
id_24879,59.426174
id_24880,59.651447
id_24881,59.768562
id_25595,55.33862
id_25596,55.158783
id_25597,55.069424
id_25598,54.899803
id_25599,54.778545
id_25600,54.77507
id_25601,54.688656
id_25602,54.67954
id_25603,54.36097
id_25604,54.354527
id_25605,54.364132
id_25606,54.227127
id_25607,54.227856
id_25608,54.243553
id_25609,54.238583
id_25610,54.204033
id_25611,54.1884
id_25612,54.295303
id_25613,54.315784
id_25614,54.285553
id_25615,54.20181
id_25616,54.32078
id_25617,54.3207
id_25618,54.252934
id_25619,54.23283
id_25620,53.96838
id_25621,53.98167
id_25622,53.978226
id_25623,53.774445
id_25624,53.762592
id_25625,53.740387
id_25626,53.751347
id_25627,53.760803
id_25628,53.618862
id_25629,53.72309
id_25630,53.546497
id_25631,53.659687
id_25632,53.697556
id_25633,54.052605
id_25634,54.402798
id_25635,54.46726
id_26349,86.07036
id_26350,86.22355
id_26351,86.27404
id_26352,86.23967
id_26353,86.17067
id_26354,86.235245
id_26355,86.63867
id_26356,86.61105
id_26357,86.576996
id_26358,86.497246
id_26359,86.50303
id_26360,86.6045
id_26361,86.54293
id_26362,86.492615
id_26363,86.40427
id_26364,86.46503
id_26365,86.6179
id_26366,86.63696
id_26367,86.613174
id_26368,86.6374
id_26369,86.39555
id_26370,86.13541
id_26371,86.296745
id_26372,85.944824
id_26373,86.04391
id_26374,86.21014
id_26375,86.396
id_26376,86.55807
id_26377,86.48553
id_26378,86.482414
id_26379,86.626076
id_26380,86.596565
id_26381,86.57538
id_26382,86.3943
id_26383,86.385704
id_26384,85.923836
id_26385,85.952545
id_26386,86.340416
id_26387,86.36843
id_26388,86.844894
id_26389,86.809006
id_27103,53.53711
id_27104,53.20734
id_27105,53.180756
id_27106,53.16718
id_27107,53.221622
id_27108,53.236057
id_27109,53.24063
id_27110,53.234474
id_27111,53.24227
id_27112,53.247765
id_27113,53.240868
id_27114,53.285194
id_27115,53.20528
id_27116,53.535984
id_27117,53.543697
id_27118,53.526653
id_27119,53.65744
id_27120,53.68759
id_27121,53.7664
id_27122,53.795124
id_27123,53.89714
id_27124,53.873325
id_27125,53.87551
id_27126,53.838966
id_27127,53.807312
id_27128,53.80477
id_27129,53.788322
id_27130,53.8032
id_27131,53.744713
id_27132,53.7481
id_27133,53.57875
id_27134,53.58876
id_27135,53.61144
id_27136,53.585278
id_27137,53.592125
id_27138,53.456688
id_27139,53.451736
id_27140,53.637524
id_27141,53.8694
id_27142,54.15377
id_27143,54.214096
id_27857,98.812515
id_27858,98.198456
id_27859,98.17515
id_27860,98.87299
id_27861,98.67866
id_27862,98.56062
id_27863,98.66541
id_27864,98.586586
id_27865,98.61331
id_27866,98.555336
id_27867,98.69543
id_27868,98.90602
id_27869,98.98493
id_27870,98.80595
id_27871,99.260605
id_27872,99.174545
id_27873,99.20991
id_27874,99.30482
id_27875,99.22819
id_27876,99.07837
id_27877,98.99612
id_27878,99.233955
id_27879,98.669075
id_27880,98.76561
id_27881,98.63259
id_27882,97.7769
id_27883,97.26941
id_27884,96.99277
id_27885,97.47291
id_27886,97.53138
id_27887,94.24459
id_27888,94.18415
id_27889,93.85999
id_27890,93.29565
id_27891,93.280525
id_27892,90.98789
id_27893,90.84081
id_27894,90.74333
id_27895,90.88084
id_27896,91.04539
id_27897,91.01758
id_28611,80.94438
id_28612,80.92277
id_28613,80.92332
id_28614,80.931915
id_28615,81.025635
id_28616,80.96996
id_28617,81.157
id_28618,81.22715
id_28619,81.27384
id_28620,81.425026
id_28621,81.42667
id_28622,81.38819
id_28623,81.40871
id_28624,81.489395
id_28625,81.32949
id_28626,81.366196
id_28627,81.49662
id_28628,81.60256
id_28629,81.689415
id_28630,81.60752
id_28631,81.685905
id_28632,81.68017
id_28633,81.69844
id_28634,81.68264
id_28635,81.66221
id_28636,81.72688
id_28637,81.72859
id_28638,81.75692
id_28639,81.720764
id_28640,81.703964
id_28641,81.736946
id_28642,81.73542
id_28643,81.75756
id_28644,81.72659
id_28645,81.73751
id_28646,81.74238
id_28647,81.73091
id_28648,81.7561
id_28649,81.73528
id_28650,81.72369
id_28651,81.72546
id_29365,29.356518
id_29366,29.407955
id_29367,29.389618
id_29368,29.40136
id_29369,29.279976
id_29370,29.29155
id_29371,29.265871
id_29372,29.339252
id_29373,29.356567
id_29374,29.185604
id_29375,29.183868
id_29376,29.285786
id_29377,29.240929
id_29378,29.261082
id_29379,29.22765
id_29380,29.206715
id_29381,29.27121
id_29382,29.361248
id_29383,29.377544
id_29384,29.31424
id_29385,29.34752
id_29386,29.3506
id_29387,29.3576
id_29388,29.289968
id_29389,29.27717
id_29390,29.362606
id_29391,29.36862
id_29392,29.36629
id_29393,29.264948
id_29394,29.290255
id_29395,29.359709
id_29396,29.365053
id_29397,29.574461
id_29398,29.280554
id_29399,29.501913
id_29400,29.675165
id_29401,30.097597
id_29402,30.02498
id_29403,30.16118
id_29404,30.219868
id_29405,30.21038
id_30119,26.263033
id_30120,26.541054
id_30121,26.567446
id_30122,26.561743
id_30123,26.616814
id_30124,26.895168
id_30125,26.842882
id_30126,26.994053
id_30127,27.115366
id_30128,27.398626
id_30129,27.42838
id_30130,27.555796
id_30131,27.63047
id_30132,27.72966
id_30133,27.866983
id_30134,27.85344
id_30135,28.062206
id_30136,28.112146
id_30137,28.115177
id_30138,28.175924
id_30139,28.353624
id_30140,28.407103
id_30141,28.581528
id_30142,28.568602
id_30143,28.978273
id_30144,28.878769
id_30145,28.891405
id_30146,28.919556
id_30147,28.897005
id_30148,29.17604
id_30149,29.546175
id_30150,29.57306
id_30151,29.571161
id_30152,29.922905
id_30153,29.92354
id_30154,30.082436
id_30155,30.582857
id_30156,30.976408
id_30157,30.970596
id_30158,31.201702
id_30159,31.614681
id_30873,45.933556
id_30874,45.90764
id_30875,45.866447
id_30876,45.813225
id_30877,45.810776
id_30878,45.75172
id_30879,45.718075
id_30880,45.718678
id_30881,45.71523
id_30882,45.71921
id_30883,45.70894
id_30884,45.724728
id_30885,45.718437
id_30886,45.724533
id_30887,45.7264
id_30888,45.749825
id_30889,45.748886
id_30890,45.797836
id_30891,45.801926
id_30892,45.838852
id_30893,45.880272
id_30894,45.898308
id_30895,45.913124
id_30896,45.916946
id_30897,45.931435
id_30898,45.877213
id_30899,45.873486
id_30900,45.87875
id_30901,45.855396
id_30902,45.854717
id_30903,45.776245
id_30904,45.817608
id_30905,45.75253
id_30906,45.75053
id_30907,45.755627
id_30908,45.780487
id_30909,45.76114
id_30910,45.840893
id_30911,45.87023
id_30912,45.912785
id_30913,45.9605
id_31627,61.626858
id_31628,63.36595
id_31629,63.139576
id_31630,63.51424
id_31631,63.412773
id_31632,65.11442
id_31633,65.63347
id_31634,66.169106
id_31635,66.258736
id_31636,66.24303
id_31637,66.04871
id_31638,67.97475
id_31639,68.60842
id_31640,68.66348
id_31641,68.63729
id_31642,68.97591
id_31643,69.18095
id_31644,69.010345
id_31645,70.27397
id_31646,68.79812
id_31647,70.4488
id_31648,70.36437
id_31649,70.387924
id_31650,70.15774
id_31651,70.075035
id_31652,70.50377
id_31653,70.73501
id_31654,70.79546
id_31655,69.06576
id_31656,69.040016
id_31657,68.98353
id_31658,69.0382
id_31659,68.61691
id_31660,68.80798
id_31661,68.48729
id_31662,68.46474
id_31663,68.32931
id_31664,67.708206
id_31665,67.89163
id_31666,67.81788
id_31667,67.73165
id_32381,58.45041
id_32382,58.69369
id_32383,58.672745
id_32384,58.761692
id_32385,58.910156
id_32386,59.149513
id_32387,59.442318
id_32388,59.42359
id_32389,59.34836
id_32390,59.29036
id_32391,59.943336
id_32392,60.123695
id_32393,60.17589
id_32394,60.06492
id_32395,60.13999
id_32396,60.180058
id_32397,60.12346
id_32398,60.131687
id_32399,60.06369
id_32400,60.009697
id_32401,59.958107
id_32402,59.71691
id_32403,59.373512
id_32404,59.397713
id_32405,59.437057
id_32406,59.39604
id_32407,59.26382
id_32408,59.00059
id_32409,58.987324
id_32410,58.968872
id_32411,59.0104
id_32412,58.977337
id_32413,59.00818
id_32414,59.0161
id_32415,59.14545
id_32416,59.662167
id_32417,59.94775
id_32418,60.133595
id_32419,60.269535
id_32420,60.98457
id_32421,60.991978
id_33135,49.816677
id_33136,49.81344
id_33137,49.821247
id_33138,49.83018
id_33139,49.838966
id_33140,49.836586
id_33141,49.834282
id_33142,49.84111
id_33143,49.823254
id_33144,49.838703
id_33145,49.82748
id_33146,49.928604
id_33147,49.97471
id_33148,50.000473
id_33149,50.004673
id_33150,50.04743
id_33151,50.04774
id_33152,50.05014
id_33153,50.073265
id_33154,50.05588
id_33155,49.939438
id_33156,49.848145
id_33157,49.81416
id_33158,49.742386
id_33159,49.761692
id_33160,49.38308
id_33161,49.279274
id_33162,49.25914
id_33163,49.14778
id_33164,49.1232
id_33165,48.86313
id_33166,48.87644
id_33167,48.851906
id_33168,48.814045
id_33169,48.809513
id_33170,48.75528
id_33171,48.783802
id_33172,49.0268
id_33173,49.05124
id_33174,49.341785
id_33175,49.60983
id_33889,79.46556
id_33890,79.375206
id_33891,79.39167
id_33892,79.42159
id_33893,79.41303
id_33894,79.46256
id_33895,79.48514
id_33896,79.48742
id_33897,79.76216
id_33898,79.77023
id_33899,79.916954
id_33900,80.04058
id_33901,80.04111
id_33902,80.190636
id_33903,80.452255
id_33904,80.46205
id_33905,80.54128
id_33906,80.780716
id_33907,80.81552
id_33908,81.07052
id_33909,81.09712
id_33910,81.109474
id_33911,81.40058
id_33912,81.45
id_33913,81.437836
id_33914,81.38122
id_33915,81.38384
id_33916,81.44402
id_33917,81.42726
id_33918,81.78144
id_33919,81.86349
id_33920,81.85615
id_33921,81.95993
id_33922,81.94047
id_33923,81.944855
id_33924,82.03257
id_33925,82.04272
id_33926,82.58165
id_33927,82.69873
id_33928,82.793816
id_33929,82.84469
id_34643,85.69629
id_34644,84.601585
id_34645,84.987
id_34646,85.2705
id_34647,83.32812
id_34648,83.53183
id_34649,83.277504
id_34650,82.67582
id_34651,82.73609
id_34652,82.761635
id_34653,83.31746
id_34654,83.11609
id_34655,83.29492
id_34656,83.390976
id_34657,83.3752
id_34658,84.608864
id_34659,84.58583
id_34660,85.419914
id_34661,86.03108
id_34662,86.22012
id_34663,85.76444
id_34664,85.8578
id_34665,85.79603
id_34666,85.56686
id_34667,85.92928
id_34668,85.668106
id_34669,85.679085
id_34670,85.689705
id_34671,85.26241
id_34672,85.78046
id_34673,85.15008
id_34674,85.77921
id_34675,85.956635
id_34676,85.28742
id_34677,85.74191
id_34678,86.01154
id_34679,86.000595
id_34680,85.67784
id_34681,86.19727
id_34682,86.824135
id_34683,88.34982
id_35397,96.02867
id_35398,95.83624
id_35399,95.987114
id_35400,96.04114
id_35401,96.099205
id_35402,96.17562
id_35403,95.8978
id_35404,96.044075
id_35405,96.08309
id_35406,96.14865
id_35407,96.17764
id_35408,95.900536
id_35409,96.03862
id_35410,96.097984
id_35411,96.15441
id_35412,96.15679
id_35413,95.793144
id_35414,95.90204
id_35415,95.984146
id_35416,96.02808
id_35417,95.765015
id_35418,95.89796
id_35419,96.01341
id_35420,96.02976
id_35421,96.04702
id_35422,95.91992
id_35423,96.08758
id_35424,96.182724
id_35425,96.223915
id_35426,96.2616
id_35427,95.92385
id_35428,96.06813
id_35429,96.1459
id_35430,96.070244
id_35431,96.09519
id_35432,94.784836
id_35433,94.86484
id_35434,95.28889
id_35435,95.30779
id_35436,95.20437
id_35437,95.306274
id_36151,133.01736
id_36152,132.81093
id_36153,132.80972
id_36154,132.91112
id_36155,132.86298
id_36156,132.8649
id_36157,131.59192
id_36158,132.70177
id_36159,132.84418
id_36160,132.91486
id_36161,133.0369
id_36162,133.0721
id_36163,133.045
id_36164,133.16493
id_36165,133.03442
id_36166,133.13055
id_36167,133.26666
id_36168,133.3075
id_36169,133.39757
id_36170,133.41753
id_36171,133.36156
id_36172,133.15843
id_36173,133.30045
id_36174,133.20334
id_36175,133.20609
id_36176,133.20876
id_36177,133.23344
id_36178,133.13353
id_36179,132.0486
id_36180,131.82657
id_36181,131.8357
id_36182,131.85065
id_36183,131.801
id_36184,132.02907
id_36185,133.22888
id_36186,133.09299
id_36187,133.40945
id_36188,133.18774
id_36189,133.5638
id_36190,135.36548
id_36191,135.33844
id_36905,91.01377
id_36906,91.01543
id_36907,91.050064
id_36908,90.99548
id_36909,91.01135
id_36910,91.262184
id_36911,91.016266
id_36912,91.1256
id_36913,91.12806
id_36914,91.07777
id_36915,91.14728
id_36916,91.15214
id_36917,91.44794
id_36918,91.59435
id_36919,91.60955
id_36920,91.56483
id_36921,91.29637
id_36922,91.72181
id_36923,91.62846
id_36924,92.080246
id_36925,92.01805
id_36926,92.193756
id_36927,92.31378
id_36928,92.21631
id_36929,91.97779
id_36930,91.66148
id_36931,91.369125
id_36932,91.37623
id_36933,91.16213
id_36934,91.094025
id_36935,90.77365
id_36936,90.71868
id_36937,90.6814
id_36938,90.67244
id_36939,90.55453
id_36940,90.43978
id_36941,90.428345
id_36942,90.43691
id_36943,90.602905
id_36944,89.92505
id_36945,90.19638
id_37659,47.20471
id_37660,47.20247
id_37661,47.220425
id_37662,47.211147
id_37663,47.21668
id_37664,47.235577
id_37665,47.204136
id_37666,47.217068
id_37667,47.22301
id_37668,47.226665
id_37669,47.403156
id_37670,47.313263
id_37671,47.326393
id_37672,47.303223
id_37673,47.30775
id_37674,47.374973
id_37675,47.50248
id_37676,47.53063
id_37677,47.530403
id_37678,47.550575
id_37679,47.54869
id_37680,47.687016
id_37681,47.80869
id_37682,47.626766
id_37683,47.76423
id_37684,47.56959
id_37685,47.56659
id_37686,47.584667
id_37687,47.596607
id_37688,47.609245
id_37689,47.478516
id_37690,47.476677
id_37691,47.496994
id_37692,47.48156
id_37693,47.50092
id_37694,47.544815
id_37695,47.635117
id_37696,47.689415
id_37697,47.877968
id_37698,48.16177
id_37699,48.28958
id_38413,213.92023
id_38414,214.04535
id_38415,214.0801
id_38416,213.75943
id_38417,213.56766
id_38418,214.93748
id_38419,213.7764
id_38420,215.16695
id_38421,215.06084
id_38422,215.38272
id_38423,215.54898
id_38424,214.14706
id_38425,215.67583
id_38426,215.36832
id_38427,215.42511
id_38428,215.6403
id_38429,215.49876
id_38430,215.2834
id_38431,215.01694
id_38432,215.10054
id_38433,213.86722
id_38434,214.29346
id_38435,213.98772
id_38436,213.92662
id_38437,213.88963
id_38438,212.11136
id_38439,212.26772
id_38440,210.70824
id_38441,210.29364
id_38442,210.10114
id_38443,204.70164
id_38444,204.6919
id_38445,204.63449
id_38446,204.56702
id_38447,202.53168
id_38448,202.07896
id_38449,202.02974
id_38450,202.00302
id_38451,201.99821
id_38452,200.98601
id_38453,202.20486
id_39167,87.22535
id_39168,87.01745
id_39169,87.015236
id_39170,87.01348
id_39171,87.090935
id_39172,87.11159
id_39173,87.12016
id_39174,87.127846
id_39175,87.16964
id_39176,87.18865
id_39177,87.15066
id_39178,87.04122
id_39179,87.05689
id_39180,87.06578
id_39181,87.080826
id_39182,87.101974
id_39183,87.15044
id_39184,87.11258
id_39185,87.13569
id_39186,87.095314
id_39187,86.88292
id_39188,86.91478
id_39189,86.9354
id_39190,86.966354
id_39191,86.94169
id_39192,86.33316
id_39193,86.34626
id_39194,86.336815
id_39195,86.3541
id_39196,86.16891
id_39197,85.9483
id_39198,85.89056
id_39199,85.93847
id_39200,85.9515
id_39201,86.026596
id_39202,85.18113
id_39203,85.030624
id_39204,85.164764
id_39205,85.1876
id_39206,85.99311
id_39207,85.963554
id_39921,91.186714
id_39922,90.38813
id_39923,90.48273
id_39924,90.48703
id_39925,91.30006
id_39926,91.259895
id_39927,90.540855
id_39928,91.21879
id_39929,91.25427
id_39930,91.3359
id_39931,91.4695
id_39932,91.36724
id_39933,91.45516
id_39934,91.73373
id_39935,91.96932
id_39936,92.33784
id_39937,92.28694
id_39938,92.33739
id_39939,92.34596
id_39940,92.73447
id_39941,92.59896
id_39942,92.571236
id_39943,92.31914
id_39944,92.59728
id_39945,92.57539
id_39946,91.88998
id_39947,91.96836
id_39948,91.87707
id_39949,91.88268
id_39950,91.815994
id_39951,91.35561
id_39952,91.2832
id_39953,90.56669
id_39954,90.60531
id_39955,90.61053
id_39956,89.88724
id_39957,89.81965
id_39958,89.79049
id_39959,89.89641
id_39960,90.49192
id_39961,90.46877
id_40675,29.044598
id_40676,29.02371
id_40677,29.054342
id_40678,29.0584
id_40679,28.97487
id_40680,28.984068
id_40681,28.892422
id_40682,28.873693
id_40683,28.886814
id_40684,28.877937
id_40685,28.771847
id_40686,28.61223
id_40687,28.553127
id_40688,28.606512
id_40689,28.583265
id_40690,28.6013
id_40691,28.143242
id_40692,28.1199
id_40693,28.221786
id_40694,28.243032
id_40695,28.12366
id_40696,28.119066
id_40697,28.085657
id_40698,28.061935
id_40699,28.102505
id_40700,28.062979
id_40701,28.04882
id_40702,27.98196
id_40703,27.38783
id_40704,27.446854
id_40705,27.36437
id_40706,27.344538
id_40707,27.37715
id_40708,27.241688
id_40709,27.249348
id_40710,27.158213
id_40711,27.25184
id_40712,27.36766
id_40713,27.334848
id_40714,28.001663
id_40715,28.19272
id_41429,73.555084
id_41430,73.35563
id_41431,73.37403
id_41432,73.40148
id_41433,72.77497
id_41434,72.71625
id_41435,73.37731
id_41436,72.73301
id_41437,72.68071
id_41438,72.72189
id_41439,73.384026
id_41440,73.35677
id_41441,73.78933
id_41442,73.488686
id_41443,73.948616
id_41444,74.4809
id_41445,74.82738
id_41446,75.01368
id_41447,74.92823
id_41448,75.83189
id_41449,75.94109
id_41450,75.87023
id_41451,75.879135
id_41452,75.81033
id_41453,75.829666
id_41454,75.68971
id_41455,75.70805
id_41456,75.30531
id_41457,74.88879
id_41458,74.89945
id_41459,74.019585
id_41460,73.99932
id_41461,73.704834
id_41462,73.62196
id_41463,73.544235
id_41464,72.9389
id_41465,72.896454
id_41466,73.38956
id_41467,73.36523
id_41468,73.78374
id_41469,73.90777
id_42183,75.530716
id_42184,75.64767
id_42185,75.662544
id_42186,75.7059
id_42187,75.69181
id_42188,75.87464
id_42189,75.9396
id_42190,76.13221
id_42191,76.19577
id_42192,76.38685
id_42193,76.64943
id_42194,76.65055
id_42195,76.83911
id_42196,77.09685
id_42197,77.08476
id_42198,77.297905
id_42199,77.335175
id_42200,77.36581
id_42201,77.56151
id_42202,77.67695
id_42203,77.79258
id_42204,77.78426
id_42205,77.73425
id_42206,77.7739
id_42207,77.77417
id_42208,77.765114
id_42209,77.684555
id_42210,78.02031
id_42211,78.05786
id_42212,78.072105
id_42213,77.98551
id_42214,78.0266
id_42215,78.27671
id_42216,78.293465
id_42217,78.35555
id_42218,79.55218
id_42219,79.86871
id_42220,80.18311
id_42221,80.38481
id_42222,81.85991
id_42223,81.850555
id_42937,46.01326
id_42938,45.77496
id_42939,45.746235
id_42940,45.76398
id_42941,45.70261
id_42942,45.768246
id_42943,45.580696
id_42944,45.69849
id_42945,45.64287
id_42946,45.565212
id_42947,45.58107
id_42948,45.510788
id_42949,45.565
id_42950,45.55381
id_42951,45.534897
id_42952,45.585743
id_42953,45.58473
id_42954,45.6505
id_42955,45.68291
id_42956,45.69806
id_42957,45.613525
id_42958,45.624477
id_42959,45.6467
id_42960,45.66638
id_42961,45.664467
id_42962,45.57286
id_42963,45.532627
id_42964,45.53932
id_42965,45.507504
id_42966,45.510162
id_42967,45.41363
id_42968,45.420937
id_42969,45.19415
id_42970,45.19872
id_42971,45.16874
id_42972,45.133812
id_42973,45.146976
id_42974,45.17511
id_42975,45.482876
id_42976,45.526962
id_42977,45.591915
id_43691,98.20849
id_43692,97.768234
id_43693,97.75352
id_43694,97.74526
id_43695,97.45173
id_43696,97.529625
id_43697,97.36447
id_43698,97.369255
id_43699,97.34538
id_43700,96.91697
id_43701,97.382515
id_43702,97.348885
id_43703,97.38614
id_43704,97.400665
id_43705,97.46407
id_43706,97.68221
id_43707,97.72148
id_43708,98.04439
id_43709,98.157555
id_43710,98.33206
id_43711,98.2639
id_43712,98.656006
id_43713,98.65387
id_43714,98.26337
id_43715,98.670044
id_43716,98.291374
id_43717,98.289894
id_43718,98.19736
id_43719,98.002365
id_43720,98.01616
id_43721,97.49589
id_43722,97.420105
id_43723,97.38924
id_43724,97.06045
id_43725,97.44643
id_43726,96.99578
id_43727,97.07625
id_43728,96.85682
id_43729,97.410095
id_43730,97.73106
id_43731,98.03709
id_44445,65.57295
id_44446,65.583374
id_44447,65.610985
id_44448,65.66327
id_44449,65.5627
id_44450,65.52037
id_44451,65.586136
id_44452,65.62374
id_44453,65.52128
id_44454,65.59883
id_44455,65.54236
id_44456,65.25665
id_44457,65.30076
id_44458,65.248314
id_44459,65.44518
id_44460,65.479774
id_44461,65.09956
id_44462,65.098495
id_44463,65.124
id_44464,65.150734
id_44465,65.34287
id_44466,65.43211
id_44467,65.47329
id_44468,65.18879
id_44469,65.0547
id_44470,64.08829
id_44471,64.12048
id_44472,64.149086
id_44473,64.158554
id_44474,64.18732
id_44475,63.86693
id_44476,63.941246
id_44477,63.84486
id_44478,63.745632
id_44479,63.729904
id_44480,63.262417
id_44481,63.33838
id_44482,63.43077
id_44483,63.331776
id_44484,63.283768
id_44485,63.314026
id_45199,52.86852
id_45200,52.839863
id_45201,52.874474
id_45202,52.907173
id_45203,52.935383
id_45204,52.961304
id_45205,52.97218
id_45206,52.963688
id_45207,52.978672
id_45208,52.961105
id_45209,52.974686
id_45210,52.964554
id_45211,53.029835
id_45212,53.0263
id_45213,53.01827
id_45214,53.011105
id_45215,53.059196
id_45216,53.18771
id_45217,53.182026
id_45218,53.22175
id_45219,53.295124
id_45220,53.309048
id_45221,53.36628
id_45222,53.37102
id_45223,53.357044
id_45224,53.40859
id_45225,53.434597
id_45226,53.431725
id_45227,53.482986
id_45228,53.49641
id_45229,53.481876
id_45230,53.475468
id_45231,53.467403
id_45232,53.498985
id_45233,53.497223
id_45234,53.507614
id_45235,53.500244
id_45236,53.488983
id_45237,53.48996
id_45238,53.553577
id_45239,53.555553
id_45953,97.720764
id_45954,97.935234
id_45955,97.96701
id_45956,97.93899
id_45957,97.98965
id_45958,97.97151
id_45959,98.54528
id_45960,98.57799
id_45961,98.5981
id_45962,98.58269
id_45963,98.58777
id_45964,98.48659
id_45965,98.60451
id_45966,98.55164
id_45967,98.5388
id_45968,98.5554
id_45969,98.54456
id_45970,98.61736
id_45971,98.616615
id_45972,98.50174
id_45973,97.92878
id_45974,97.88177
id_45975,97.962296
id_45976,97.89583
id_45977,97.79732
id_45978,97.87251
id_45979,97.87955
id_45980,98.274254
id_45981,98.24171
id_45982,98.20293
id_45983,98.29189
id_45984,98.323425
id_45985,98.25356
id_45986,98.28035
id_45987,98.22209
id_45988,98.188095
id_45989,98.25512
id_45990,98.37932
id_45991,98.20977
id_45992,98.43206
id_45993,98.41358
id_46707,26.716063
id_46708,26.630733
id_46709,26.696262
id_46710,26.628315
id_46711,26.63816
id_46712,26.546099
id_46713,26.440462
id_46714,26.376947
id_46715,26.416504
id_46716,26.396374
id_46717,26.398085
id_46718,26.373537
id_46719,26.352144
id_46720,26.34888
id_46721,26.221104
id_46722,26.26114
id_46723,26.08778
id_46724,26.25807
id_46725,26.049883
id_46726,26.046917
id_46727,26.055504
id_46728,26.032972
id_46729,26.070303
id_46730,25.886587
id_46731,26.026987
id_46732,25.864159
id_46733,25.90103
id_46734,25.920132
id_46735,25.757912
id_46736,25.773708
id_46737,25.477678
id_46738,25.497587
id_46739,25.514215
id_46740,25.35459
id_46741,25.402098
id_46742,25.31419
id_46743,24.920332
id_46744,24.781603
id_46745,24.845558
id_46746,24.530443
id_46747,24.449884
id_47461,93.5928
id_47462,93.209694
id_47463,92.79679
id_47464,92.849754
id_47465,92.67509
id_47466,92.67444
id_47467,92.09217
id_47468,91.937996
id_47469,91.91533
id_47470,91.767845
id_47471,91.80581
id_47472,90.87937
id_47473,90.924644
id_47474,90.95266
id_47475,90.88674
id_47476,91.02611
id_47477,90.81405
id_47478,90.819305
id_47479,90.89478
id_47480,90.89512
id_47481,91.71848
id_47482,91.725006
id_47483,91.92329
id_47484,91.76726
id_47485,92.00221
id_47486,92.05566
id_47487,92.02369
id_47488,92.16133
id_47489,91.91677
id_47490,92.11997
id_47491,92.052284
id_47492,92.02982
id_47493,91.93272
id_47494,91.79005
id_47495,91.931145
id_47496,91.84035
id_47497,91.75925
id_47498,91.96284
id_47499,92.2893
id_47500,92.925735
id_47501,93.06437
id_48215,36.928402
id_48216,36.782528
id_48217,36.790245
id_48218,36.679935
id_48219,36.688454
id_48220,36.642113
id_48221,36.674847
id_48222,36.686325
id_48223,36.637623
id_48224,36.764866
id_48225,36.781483
id_48226,36.986523
id_48227,37.052876
id_48228,37.029152
id_48229,37.047516
id_48230,37.098648
id_48231,37.26526
id_48232,37.264076
id_48233,37.247807
id_48234,37.255135
id_48235,37.413387
id_48236,37.415073
id_48237,37.43819
id_48238,37.44312
id_48239,37.40102
id_48240,37.40707
id_48241,37.196087
id_48242,37.00122
id_48243,36.99491
id_48244,36.94783
id_48245,36.935287
id_48246,36.93628
id_48247,36.924393
id_48248,36.84226
id_48249,36.819763
id_48250,36.731384
id_48251,36.778378
id_48252,36.823776
id_48253,36.777958
id_48254,36.83102
id_48255,36.923042
id_48969,119.704285
id_48970,120.16577
id_48971,119.83574
id_48972,119.766045
id_48973,119.924164
id_48974,119.93483
id_48975,122.056274
id_48976,122.04359
id_48977,121.87422
id_48978,121.81357
id_48979,122.21538
id_48980,122.01977
id_48981,121.81601
id_48982,121.851135
id_48983,121.76521
id_48984,121.84982
id_48985,119.72038
id_48986,119.90207
id_48987,119.994415
id_48988,119.92931
id_48989,119.50143
id_48990,118.86322
id_48991,119.63984
id_48992,118.487946
id_48993,118.39899
id_48994,117.814354
id_48995,118.016426
id_48996,118.28483
id_48997,118.3648
id_48998,118.27246
id_48999,118.06721
id_49000,118.43675
id_49001,118.43189
id_49002,117.46216
id_49003,117.43139
id_49004,118.31294
id_49005,118.32547
id_49006,118.34388
id_49007,118.458855
id_49008,118.68511
id_49009,118.517624
id_49723,65.3074
id_49724,65.77143
id_49725,66.004715
id_49726,65.857506
id_49727,65.79969
id_49728,65.814575
id_49729,66.66221
id_49730,66.580765
id_49731,66.42743
id_49732,66.26961
id_49733,65.49738
id_49734,65.64663
id_49735,65.63059
id_49736,65.540436
id_49737,65.4184
id_49738,65.37763
id_49739,65.34956
id_49740,65.36454
id_49741,65.08186
id_49742,65.05561
id_49743,64.545044
id_49744,65.17437
id_49745,65.07595
id_49746,64.992935
id_49747,65.016815
id_49748,65.26223
id_49749,65.20185
id_49750,65.13084
id_49751,65.09974
id_49752,65.1771
id_49753,65.561005
id_49754,65.811264
id_49755,65.63086
id_49756,65.43545
id_49757,65.37375
id_49758,65.4735
id_49759,65.47967
id_49760,65.5579
id_49761,65.38383
id_49762,65.048454
id_49763,65.03264
id_50477,108.5824
id_50478,108.36913
id_50479,108.370804
id_50480,108.661835
id_50481,108.68474
id_50482,108.52997
id_50483,108.38868
id_50484,108.389435
id_50485,108.62521
id_50486,108.665054
id_50487,108.51135
id_50488,108.33698
id_50489,108.41821
id_50490,108.54501
id_50491,108.58008
id_50492,108.67411
id_50493,108.43625
id_50494,108.46895
id_50495,108.672165
id_50496,108.756485
id_50497,108.301796
id_50498,108.37637
id_50499,108.53902
id_50500,108.56192
id_50501,108.41815
id_50502,108.29882
id_50503,108.38005
id_50504,108.551834
id_50505,108.584854
id_50506,108.43115
id_50507,108.32029
id_50508,108.41899
id_50509,108.51358
id_50510,108.45099
id_50511,108.39673
id_50512,108.02269
id_50513,107.98311
id_50514,108.38835
id_50515,108.30316
id_50516,108.342735
id_50517,108.42972
id_51231,64.815346
id_51232,64.81749
id_51233,64.816284
id_51234,64.816055
id_51235,64.81657
id_51236,64.81506
id_51237,64.8194
id_51238,64.81397
id_51239,64.812416
id_51240,64.81601
id_51241,64.81291
id_51242,64.80605
id_51243,64.81135
id_51244,64.821175
id_51245,64.817635
id_51246,64.81536
id_51247,64.81285
id_51248,64.81511
id_51249,64.818436
id_51250,64.81754
id_51251,64.82033
id_51252,64.814156
id_51253,64.81876
id_51254,64.81691
id_51255,64.81588
id_51256,64.81713
id_51257,64.816635
id_51258,64.81861
id_51259,64.81642
id_51260,64.81107
id_51261,64.81145
id_51262,64.812485
id_51263,64.80843
id_51264,64.81524
id_51265,64.82152
id_51266,64.809715
id_51267,64.81153
id_51268,64.81716
id_51269,64.81965
id_51270,64.81181
id_51271,64.817245
id_51985,47.27036
id_51986,46.95491
id_51987,46.916653
id_51988,46.860363
id_51989,46.8632
id_51990,46.885593
id_51991,46.918507
id_51992,46.80885
id_51993,46.781723
id_51994,46.850418
id_51995,47.183784
id_51996,47.45676
id_51997,47.433273
id_51998,47.52894
id_51999,47.457043
id_52000,47.44733
id_52001,47.66159
id_52002,47.661247
id_52003,47.692375
id_52004,47.613934
id_52005,47.598362
id_52006,47.56796
id_52007,47.62321
id_52008,47.58639
id_52009,47.611206
id_52010,47.619884
id_52011,47.63799
id_52012,47.66516
id_52013,47.644352
id_52014,47.632374
id_52015,47.650593
id_52016,47.649193
id_52017,47.705605
id_52018,47.65629
id_52019,47.667202
id_52020,47.683327
id_52021,47.685966
id_52022,47.65174
id_52023,47.67787
id_52024,47.64868
id_52025,47.67087
id_52739,94.57983
id_52740,94.569336
id_52741,94.607605
id_52742,94.62121
id_52743,94.57773
id_52744,94.95211
id_52745,94.893715
id_52746,94.97955
id_52747,94.9624
id_52748,94.88075
id_52749,94.95707
id_52750,94.9599
id_52751,95.14541
id_52752,94.95769
id_52753,94.906136
id_52754,94.93379
id_52755,94.89162
id_52756,95.03412
id_52757,94.95761
id_52758,94.93989
id_52759,94.63329
id_52760,94.61724
id_52761,94.66001
id_52762,94.2219
id_52763,94.22619
id_52764,93.74481
id_52765,93.77641
id_52766,93.78538
id_52767,93.706894
id_52768,93.668594
id_52769,93.60904
id_52770,93.556755
id_52771,93.55262
id_52772,93.00842
id_52773,93.55245
id_52774,93.54369
id_52775,93.69139
id_52776,93.739136
id_52777,94.10614
id_52778,94.51985
id_52779,94.93763
id_53493,125.57479
id_53494,125.12021
id_53495,125.49705
id_53496,125.629585
id_53497,125.55896
id_53498,125.44266
id_53499,125.41043
id_53500,125.39299
id_53501,125.43908
id_53502,125.333855
id_53503,125.41795
id_53504,125.315254
id_53505,125.204506
id_53506,125.36621
id_53507,125.36215
id_53508,125.74131
id_53509,125.71254
id_53510,125.89719
id_53511,125.96604
id_53512,125.992455
id_53513,125.93565
id_53514,126.075294
id_53515,126.05733
id_53516,126.06465
id_53517,125.92585
id_53518,125.928856
id_53519,125.938774
id_53520,125.966515
id_53521,125.777756
id_53522,125.76317
id_53523,125.39557
id_53524,125.40475
id_53525,125.409546
id_53526,125.02123
id_53527,124.996895
id_53528,124.78842
id_53529,124.92723
id_53530,125.43879
id_53531,125.41873
id_53532,125.784386
id_53533,126.00694
id_54247,66.982
id_54248,66.99989
id_54249,66.94746
id_54250,66.96961
id_54251,66.958824
id_54252,67.002075
id_54253,67.2401
id_54254,67.10987
id_54255,67.14368
id_54256,67.1825
id_54257,67.23357
id_54258,67.36514
id_54259,67.4657
id_54260,67.43538
id_54261,67.46383
id_54262,67.4332
id_54263,67.72334
id_54264,67.73607
id_54265,67.748116
id_54266,67.76313
id_54267,67.62487
id_54268,67.57777
id_54269,67.618324
id_54270,67.59601
id_54271,67.61187
id_54272,67.629906
id_54273,67.658104
id_54274,67.72964
id_54275,67.743225
id_54276,67.76194
id_54277,67.78393
id_54278,67.757774
id_54279,67.74658
id_54280,67.5213
id_54281,67.54788
id_54282,67.32149
id_54283,67.30423
id_54284,67.32558
id_54285,67.388016
id_54286,67.83861
id_54287,67.78781
id_55001,43.15876
id_55002,42.38315
id_55003,42.384598
id_55004,42.38528
id_55005,42.39484
id_55006,42.37882
id_55007,41.8805
id_55008,41.949696
id_55009,41.897633
id_55010,41.88908
id_55011,41.834526
id_55012,41.789276
id_55013,40.995575
id_55014,41.031338
id_55015,41.000816
id_55016,40.94731
id_55017,41.01229
id_55018,40.98858
id_55019,41.01525
id_55020,40.95761
id_55021,41.050613
id_55022,40.94065
id_55023,40.74796
id_55024,40.720978
id_55025,40.580425
id_55026,40.2267
id_55027,40.229866
id_55028,40.13414
id_55029,40.011414
id_55030,39.99517
id_55031,39.226604
id_55032,39.249443
id_55033,39.248974
id_55034,39.24877
id_55035,39.267998
id_55036,38.71838
id_55037,38.850994
id_55038,38.288532
id_55039,38.26483
id_55040,38.781986
id_55041,38.779068
id_55755,106.342804
id_55756,106.216034
id_55757,106.23075
id_55758,106.32102
id_55759,106.2985
id_55760,106.311516
id_55761,106.23189
id_55762,106.229095
id_55763,106.305695
id_55764,106.34739
id_55765,106.32891
id_55766,106.27977
id_55767,106.2931
id_55768,106.33032
id_55769,106.30373
id_55770,106.318985
id_55771,106.25717
id_55772,106.2502
id_55773,106.31901
id_55774,106.27414
id_55775,106.22743
id_55776,106.22477
id_55777,106.300316
id_55778,106.297935
id_55779,106.298874
id_55780,106.251
id_55781,106.29269
id_55782,106.30886
id_55783,106.31665
id_55784,106.26027
id_55785,106.2354
id_55786,106.25841
id_55787,106.31276
id_55788,106.29402
id_55789,106.27893
id_55790,106.24684
id_55791,106.26757
id_55792,106.29161
id_55793,106.27464
id_55794,106.226395
id_55795,106.19515
id_56509,105.5291
id_56510,105.55006
id_56511,105.50362
id_56512,105.55279
id_56513,105.52476
id_56514,105.56088
id_56515,105.76679
id_56516,105.645905
id_56517,105.6522
id_56518,105.542725
id_56519,105.44749
id_56520,105.405846
id_56521,105.42056
id_56522,105.33113
id_56523,105.34047
id_56524,105.0637
id_56525,105.154045
id_56526,105.055214
id_56527,105.06944
id_56528,105.3576
id_56529,105.55714
id_56530,105.55291
id_56531,105.53909
id_56532,105.468925
id_56533,105.35512
id_56534,105.33542
id_56535,105.24334
id_56536,105.200096
id_56537,105.2473
id_56538,105.2131
id_56539,105.45512
id_56540,105.17047
id_56541,105.14903
id_56542,105.3261
id_56543,105.3771
id_56544,105.32196
id_56545,105.36273
id_56546,105.227036
id_56547,105.10491
id_56548,105.55685
id_56549,105.57783
id_57263,104.80247
id_57264,104.53033
id_57265,104.81478
id_57266,104.30362
id_57267,104.26988
id_57268,104.81621
id_57269,104.29959
id_57270,104.15818
id_57271,104.31324
id_57272,104.18656
id_57273,104.70952
id_57274,104.74983
id_57275,104.712036
id_57276,104.64408
id_57277,104.70726
id_57278,104.644295
id_57279,105.14455
id_57280,105.14511
id_57281,105.10912
id_57282,105.28544
id_57283,105.35557
id_57284,105.30225
id_57285,105.3448
id_57286,105.38753
id_57287,105.43134
id_57288,105.22234
id_57289,105.19071
id_57290,105.178986
id_57291,105.05329
id_57292,104.85772
id_57293,104.27974
id_57294,104.23531
id_57295,103.86265
id_57296,103.56515
id_57297,103.60756
id_57298,103.46749
id_57299,103.440895
id_57300,103.4603
id_57301,103.60018
id_57302,103.61002
id_57303,103.86855
id_58017,41.338455
id_58018,41.28066
id_58019,41.300465
id_58020,41.402355
id_58021,41.373943
id_58022,41.370354
id_58023,41.199753
id_58024,41.151127
id_58025,41.426125
id_58026,41.152626
id_58027,41.401043
id_58028,41.344547
id_58029,41.287613
id_58030,41.29411
id_58031,41.26199
id_58032,41.330173
id_58033,41.299652
id_58034,41.31628
id_58035,41.325333
id_58036,41.31489
id_58037,41.337086
id_58038,41.31072
id_58039,41.314674
id_58040,41.30376
id_58041,41.31784
id_58042,41.20901
id_58043,41.02368
id_58044,41.070084
id_58045,41.071075
id_58046,41.098354
id_58047,41.075855
id_58048,41.085114
id_58049,40.984497
id_58050,41.073376
id_58051,41.09465
id_58052,41.138165
id_58053,41.237465
id_58054,41.338467
id_58055,41.57367
id_58056,41.68837
id_58057,41.735374
id_58771,64.45757
id_58772,63.998325
id_58773,63.978687
id_58774,64.06638
id_58775,64.10754
id_58776,64.07157
id_58777,63.47363
id_58778,63.505554
id_58779,63.609406
id_58780,63.653553
id_58781,63.628708
id_58782,63.472034
id_58783,63.50186
id_58784,63.609245
id_58785,63.653824
id_58786,63.621937
id_58787,63.460995
id_58788,63.501472
id_58789,63.579437
id_58790,63.66835
id_58791,63.51917
id_58792,63.55944
id_58793,63.682487
id_58794,63.7322
id_58795,63.698093
id_58796,63.53715
id_58797,63.551727
id_58798,63.649242
id_58799,63.727486
id_58800,63.7376
id_58801,63.627243
id_58802,63.627434
id_58803,63.72785
id_58804,63.56243
id_58805,63.54522
id_58806,62.31651
id_58807,62.36938
id_58808,63.087067
id_58809,63.123615
id_58810,63.409565
id_58811,63.415874
id_59525,97.08743
id_59526,97.05132
id_59527,97.20443
id_59528,97.240555
id_59529,97.26148
id_59530,97.174965
id_59531,97.26722
id_59532,97.26427
id_59533,97.383194
id_59534,97.36024
id_59535,97.40494
id_59536,97.398125
id_59537,97.3478
id_59538,97.34925
id_59539,97.33533
id_59540,97.3386
id_59541,97.40539
id_59542,97.32716
id_59543,97.39575
id_59544,97.36329
id_59545,97.41213
id_59546,97.335045
id_59547,97.44978
id_59548,97.39952
id_59549,97.41289
id_59550,97.478035
id_59551,97.37586
id_59552,97.5328
id_59553,97.47672
id_59554,97.463745
id_59555,97.58932
id_59556,97.49647
id_59557,97.548676
id_59558,97.45135
id_59559,97.44567
id_59560,97.46908
id_59561,97.36486
id_59562,97.40313
id_59563,97.300606
id_59564,97.44445
id_59565,97.39109
id_60279,84.8657
id_60280,85.792595
id_60281,85.78281
id_60282,85.97374
id_60283,85.96584
id_60284,86.06902
id_60285,86.71719
id_60286,86.751785
id_60287,87.0349
id_60288,86.98026
id_60289,87.42438
id_60290,87.625145
id_60291,87.90487
id_60292,88.05335
id_60293,87.88505
id_60294,88.03927
id_60295,88.96882
id_60296,88.96993
id_60297,88.93805
id_60298,89.22695
id_60299,89.18465
id_60300,89.11898
id_60301,89.19871
id_60302,89.16904
id_60303,89.22823
id_60304,89.321915
id_60305,89.20067
id_60306,89.288605
id_60307,89.1253
id_60308,89.31649
id_60309,89.28229
id_60310,88.950935
id_60311,89.247604
id_60312,88.94038
id_60313,88.87656
id_60314,89.049095
id_60315,89.12536
id_60316,89.06539
id_60317,89.68858
id_60318,91.48371
id_60319,92.20258
id_61033,97.28164
id_61034,96.90594
id_61035,96.94566
id_61036,96.97324
id_61037,97.01425
id_61038,97.02922
id_61039,97.34134
id_61040,97.19627
id_61041,97.112206
id_61042,97.11839
id_61043,97.510704
id_61044,97.36099
id_61045,97.43567
id_61046,97.27788
id_61047,97.46586
id_61048,97.32603
id_61049,97.43532
id_61050,97.48934
id_61051,97.489845
id_61052,98.461716
id_61053,97.112625
id_61054,97.07527
id_61055,97.07899
id_61056,96.88208
id_61057,97.275764
id_61058,96.233826
id_61059,96.08894
id_61060,95.14276
id_61061,94.88842
id_61062,94.91045
id_61063,94.36584
id_61064,94.34095
id_61065,94.373764
id_61066,93.837006
id_61067,94.21448
id_61068,93.535995
id_61069,93.55049
id_61070,94.14552
id_61071,94.0326
id_61072,94.46363
id_61073,94.47066
id_61787,59.83075
id_61788,59.829044
id_61789,59.84031
id_61790,59.849655
id_61791,59.835304
id_61792,59.85367
id_61793,59.82599
id_61794,59.85452
id_61795,59.844826
id_61796,59.856842
id_61797,59.851677
id_61798,59.854706
id_61799,59.848972
id_61800,59.88285
id_61801,59.87105
id_61802,59.88556
id_61803,59.884514
id_61804,59.903004
id_61805,59.908764
id_61806,59.92076
id_61807,59.935894
id_61808,59.976578
id_61809,59.98201
id_61810,59.973415
id_61811,59.98443
id_61812,59.982277
id_61813,59.97099
id_61814,59.97625
id_61815,59.977364
id_61816,59.967514
id_61817,59.96654
id_61818,59.97766
id_61819,59.98859
id_61820,59.974243
id_61821,59.979534
id_61822,59.966797
id_61823,59.97295
id_61824,59.971012
id_61825,59.974457
id_61826,59.928925
id_61827,59.93933
id_62541,134.89313
id_62542,135.5847
id_62543,135.54018
id_62544,135.5761
id_62545,135.5855
id_62546,135.48302
id_62547,135.61018
id_62548,135.54051
id_62549,135.54718
id_62550,135.58551
id_62551,135.39713
id_62552,135.59303
id_62553,135.53786
id_62554,135.63649
id_62555,135.6296
id_62556,135.42186
id_62557,135.7451
id_62558,135.72267
id_62559,135.7339
id_62560,135.62578
id_62561,135.72952
id_62562,135.67505
id_62563,135.70341
id_62564,135.81801
id_62565,135.71341
id_62566,135.75183
id_62567,135.71115
id_62568,135.73682
id_62569,135.81696
id_62570,135.65561
id_62571,135.84839
id_62572,135.81435
id_62573,135.8474
id_62574,135.8519
id_62575,135.75026
id_62576,135.72868
id_62577,135.70769
id_62578,135.82729
id_62579,135.655
id_62580,135.80379
id_62581,135.7165
id_63295,156.04292
id_63296,156.15753
id_63297,156.05069
id_63298,156.16876
id_63299,156.17233
id_63300,156.44662
id_63301,156.25882
id_63302,156.10677
id_63303,156.06998
id_63304,156.4188
id_63305,156.30911
id_63306,156.38423
id_63307,156.46103
id_63308,156.80481
id_63309,157.23724
id_63310,157.12903
id_63311,157.51283
id_63312,157.46889
id_63313,157.35149
id_63314,157.17886
id_63315,157.11406
id_63316,157.12964
id_63317,157.15302
id_63318,157.09367
id_63319,157.15381
id_63320,157.15494
id_63321,157.29231
id_63322,157.30261
id_63323,157.0144
id_63324,156.65002
id_63325,156.05984
id_63326,156.15161
id_63327,155.48007
id_63328,155.00711
id_63329,154.46767
id_63330,153.94115
id_63331,154.01974
id_63332,154.4548
id_63333,154.61624
id_63334,154.5282
id_63335,154.50636
id_64049,47.258198
id_64050,47.14113
id_64051,47.05367
id_64052,46.961346
id_64053,46.973343
id_64054,46.937744
id_64055,46.29211
id_64056,46.88928
id_64057,46.360786
id_64058,46.28891
id_64059,46.273205
id_64060,46.203457
id_64061,46.151897
id_64062,46.03754
id_64063,46.079697
id_64064,46.054287
id_64065,45.386757
id_64066,45.223408
id_64067,45.29533
id_64068,45.298725
id_64069,45.321274
id_64070,45.31388
id_64071,45.123623
id_64072,45.381588
id_64073,45.140984
id_64074,45.159145
id_64075,45.222626
id_64076,45.217995
id_64077,45.24528
id_64078,45.2161
id_64079,45.10129
id_64080,45.129322
id_64081,45.13515
id_64082,45.090836
id_64083,45.091297
id_64084,45.243862
id_64085,45.2013
id_64086,45.552197
id_64087,45.357166
id_64088,45.784477
id_64089,45.872963
id_64803,91.70203
id_64804,91.65115
id_64805,91.64607
id_64806,91.69402
id_64807,91.84085
id_64808,91.857735
id_64809,91.91044
id_64810,92.08491
id_64811,92.19045
id_64812,92.18186
id_64813,92.125946
id_64814,92.38076
id_64815,92.33216
id_64816,92.40345
id_64817,92.37853
id_64818,92.311325
id_64819,92.24009
id_64820,92.2456
id_64821,92.2448
id_64822,92.27533
id_64823,92.21584
id_64824,92.234825
id_64825,92.227715
id_64826,92.23576
id_64827,92.233574
id_64828,92.21107
id_64829,92.24
id_64830,92.23427
id_64831,92.2324
id_64832,92.238106
id_64833,92.204834
id_64834,92.22349
id_64835,92.207085
id_64836,92.03634
id_64837,92.0495
id_64838,91.58835
id_64839,91.60961
id_64840,91.69631
id_64841,91.76785
id_64842,91.75656
id_64843,92.03389
id_65557,81.67878
id_65558,81.19976
id_65559,81.19687
id_65560,81.11279
id_65561,81.11641
id_65562,81.15533
id_65563,80.81983
id_65564,80.68993
id_65565,80.72501
id_65566,80.713
id_65567,80.660286
id_65568,80.76001
id_65569,80.77706
id_65570,80.671425
id_65571,80.63486
id_65572,80.68722
id_65573,80.71724
id_65574,80.59393
id_65575,80.66832
id_65576,80.59826
id_65577,80.60642
id_65578,80.631256
id_65579,80.6156
id_65580,80.672676
id_65581,80.67606
id_65582,80.342415
id_65583,80.32163
id_65584,80.128136
id_65585,80.264915
id_65586,80.28366
id_65587,79.454834
id_65588,79.46864
id_65589,79.43447
id_65590,79.44273
id_65591,79.47023
id_65592,78.6358
id_65593,79.337074
id_65594,78.67736
id_65595,78.762344
id_65596,79.42724
id_65597,79.33697
id_66311,107.91263
id_66312,108.22362
id_66313,108.38227
id_66314,108.304665
id_66315,107.79345
id_66316,108.049614
id_66317,107.993965
id_66318,107.79625
id_66319,107.59998
id_66320,107.83458
id_66321,107.55485
id_66322,107.11061
id_66323,107.23732
id_66324,107.828354
id_66325,107.026146
id_66326,107.63082
id_66327,107.611885
id_66328,107.89582
id_66329,108.45836
id_66330,108.37929
id_66331,109.38157
id_66332,109.338264
id_66333,109.09432
id_66334,109.119774
id_66335,109.45165
id_66336,110.01597
id_66337,109.9557
id_66338,110.22755
id_66339,109.95604
id_66340,110.346535
id_66341,110.59194
id_66342,110.43778
id_66343,110.49026
id_66344,110.58925
id_66345,110.447624
id_66346,110.18147
id_66347,110.608696
id_66348,111.14833
id_66349,111.058334
id_66350,111.36451
id_66351,113.22074
id_67065,67.61068
id_67066,66.96415
id_67067,66.968994
id_67068,66.93884
id_67069,66.704346
id_67070,65.7581
id_67071,65.228485
id_67072,65.31693
id_67073,65.235825
id_67074,64.645775
id_67075,64.474915
id_67076,63.566696
id_67077,63.502758
id_67078,63.52992
id_67079,63.09988
id_67080,62.99674
id_67081,62.228474
id_67082,62.250107
id_67083,62.288345
id_67084,62.004566
id_67085,61.608566
id_67086,61.664757
id_67087,61.67982
id_67088,61.450108
id_67089,61.488117
id_67090,61.443714
id_67091,61.463955
id_67092,61.68089
id_67093,61.49718
id_67094,61.515476
id_67095,61.88462
id_67096,61.911507
id_67097,62.01054
id_67098,61.998974
id_67099,62.04588
id_67100,62.22241
id_67101,62.20058
id_67102,62.02596
id_67103,62.97844
id_67104,62.94594
id_67105,63.039085
id_67819,40.594612
id_67820,40.576218
id_67821,40.564236
id_67822,40.553257
id_67823,40.568745
id_67824,40.651276
id_67825,40.59117
id_67826,40.635918
id_67827,40.67599
id_67828,40.67068
id_67829,40.684505
id_67830,40.69702
id_67831,40.765335
id_67832,40.74679
id_67833,40.767784
id_67834,40.92537
id_67835,40.93862
id_67836,41.02619
id_67837,41.01987
id_67838,41.087914
id_67839,41.091568
id_67840,41.16614
id_67841,41.158707
id_67842,41.10017
id_67843,41.130486
id_67844,40.88337
id_67845,40.881893
id_67846,40.891586
id_67847,40.80073
id_67848,40.824787
id_67849,40.50492
id_67850,40.506
id_67851,40.5042
id_67852,40.47787
id_67853,40.381138
id_67854,40.06341
id_67855,40.05454
id_67856,40.215485
id_67857,40.29576
id_67858,40.51743
id_67859,40.486195
id_68573,55.73504
id_68574,55.45308
id_68575,55.37508
id_68576,55.341583
id_68577,55.333385
id_68578,55.318245
id_68579,55.043213
id_68580,55.055244
id_68581,55.041454
id_68582,55.006233
id_68583,55.053936
id_68584,55.038963
id_68585,55.031773
id_68586,55.047466
id_68587,54.959946
id_68588,55.047047
id_68589,55.04581
id_68590,55.044556
id_68591,55.035175
id_68592,54.99549
id_68593,54.76667
id_68594,54.751408
id_68595,54.79333
id_68596,54.69183
id_68597,54.67193
id_68598,54.279564
id_68599,54.27787
id_68600,54.267174
id_68601,54.143238
id_68602,54.272797
id_68603,53.912453
id_68604,53.95479
id_68605,53.920662
id_68606,53.84528
id_68607,53.88768
id_68608,53.904938
id_68609,53.88046
id_68610,53.85042
id_68611,54.385036
id_68612,54.684708
id_68613,54.941425
id_69327,50.778976
id_69328,50.791527
id_69329,50.792866
id_69330,50.760124
id_69331,50.550526
id_69332,50.590042
id_69333,49.645943
id_69334,50.525734
id_69335,49.71872
id_69336,49.529144
id_69337,49.416245
id_69338,48.840103
id_69339,48.394806
id_69340,48.33581
id_69341,47.659107
id_69342,47.580715
id_69343,46.97561
id_69344,46.5793
id_69345,46.44506
id_69346,45.81017
id_69347,45.33828
id_69348,45.38836
id_69349,45.459435
id_69350,45.052856
id_69351,45.06132
id_69352,45.271507
id_69353,45.313496
id_69354,45.47844
id_69355,45.27625
id_69356,45.571404
id_69357,45.555492
id_69358,45.8776
id_69359,46.082657
id_69360,46.08898
id_69361,45.830177
id_69362,46.201473
id_69363,46.427406
id_69364,46.327484
id_69365,46.554432
id_69366,47.149693
id_69367,47.163815
id_70081,118.70033
id_70082,118.14952
id_70083,118.02143
id_70084,118.06503
id_70085,117.80078
id_70086,117.84582
id_70087,117.75464
id_70088,117.812126
id_70089,117.61847
id_70090,117.64237
id_70091,117.75091
id_70092,117.77655
id_70093,117.92175
id_70094,117.90497
id_70095,117.93873
id_70096,117.92987
id_70097,117.96371
id_70098,119.337006
id_70099,119.50705
id_70100,119.51949
id_70101,120.54575
id_70102,120.54258
id_70103,120.43187
id_70104,120.583435
id_70105,120.58791
id_70106,120.46702
id_70107,120.64338
id_70108,120.53024
id_70109,120.48471
id_70110,120.49556
id_70111,120.369865
id_70112,120.480415
id_70113,120.5075
id_70114,120.473854
id_70115,120.284004
id_70116,120.655945
id_70117,121.93163
id_70118,122.09421
id_70119,122.005005
id_70120,123.04408
id_70121,123.282745
id_70835,36.250137
id_70836,36.802265
id_70837,36.865646
id_70838,37.489235
id_70839,37.543415
id_70840,38.34855
id_70841,39.531586
id_70842,39.606773
id_70843,40.16282
id_70844,40.436558
id_70845,40.68762
id_70846,40.935802
id_70847,41.67345
id_70848,41.993774
id_70849,42.249695
id_70850,42.222004
id_70851,42.303337
id_70852,42.468548
id_70853,42.81559
id_70854,43.61095
id_70855,44.14491
id_70856,44.27465
id_70857,44.65984
id_70858,44.52415
id_70859,44.810333
id_70860,44.912457
id_70861,44.851788
id_70862,45.202835
id_70863,44.89992
id_70864,45.048275
id_70865,45.31715
id_70866,45.257122
id_70867,45.38623
id_70868,45.379204
id_70869,45.3991
id_70870,45.61516
id_70871,45.639572
id_70872,45.637066
id_70873,46.16731
id_70874,46.788868
id_70875,46.69317
id_71589,83.17477
id_71590,83.07973
id_71591,82.89099
id_71592,83.40557
id_71593,83.172585
id_71594,83.205864
id_71595,83.29405
id_71596,82.67267
id_71597,82.78986
id_71598,82.708305
id_71599,82.77216
id_71600,82.55905
id_71601,82.23892
id_71602,82.75036
id_71603,82.4045
id_71604,82.6409
id_71605,82.37133
id_71606,82.30724
id_71607,81.8138
id_71608,81.90775
id_71609,81.43021
id_71610,80.98031
id_71611,80.995766
id_71612,80.76023
id_71613,80.82165
id_71614,80.174065
id_71615,80.20957
id_71616,80.17989
id_71617,80.21067
id_71618,80.19341
id_71619,80.23987
id_71620,80.205315
id_71621,80.24929
id_71622,80.244125
id_71623,80.18561
id_71624,80.188484
id_71625,79.826584
id_71626,79.96976
id_71627,79.68184
id_71628,80.30081
id_71629,80.33038
id_72343,56.635975
id_72344,56.592545
id_72345,56.6246
id_72346,56.609245
id_72347,56.64755
id_72348,56.61195
id_72349,56.57236
id_72350,56.620453
id_72351,56.573456
id_72352,56.612934
id_72353,56.632355
id_72354,56.70358
id_72355,56.709557
id_72356,56.672832
id_72357,56.720547
id_72358,56.71768
id_72359,56.694958
id_72360,56.697018
id_72361,56.673912
id_72362,56.701576
id_72363,56.58135
id_72364,56.595047
id_72365,56.574978
id_72366,56.61189
id_72367,56.597454
id_72368,56.527065
id_72369,56.538277
id_72370,56.560432
id_72371,56.598507
id_72372,56.56219
id_72373,56.63912
id_72374,56.66778
id_72375,56.702274
id_72376,56.731937
id_72377,56.70258
id_72378,56.690094
id_72379,56.689983
id_72380,56.730503
id_72381,56.730255
id_72382,56.768806
id_72383,56.757423
id_73097,155.90367
id_73098,157.00494
id_73099,156.94255
id_73100,157.3043
id_73101,157.22606
id_73102,158.27876
id_73103,158.46664
id_73104,158.16426
id_73105,158.31248
id_73106,158.31854
id_73107,158.84125
id_73108,160.56888
id_73109,160.18861
id_73110,160.34012
id_73111,160.34557
id_73112,160.5021
id_73113,160.5294
id_73114,160.55945
id_73115,160.59946
id_73116,160.53229
id_73117,160.4778
id_73118,160.18939
id_73119,160.2959
id_73120,160.2821
id_73121,160.33086
id_73122,160.51442
id_73123,161.70334
id_73124,162.1127
id_73125,162.17247
id_73126,162.6092
id_73127,160.80167
id_73128,160.75745
id_73129,160.48254
id_73130,160.64557
id_73131,159.86263
id_73132,159.74324
id_73133,159.44983
id_73134,159.0156
id_73135,158.79828
id_73136,159.17357
id_73137,157.72237
id_73851,131.64891
id_73852,130.70345
id_73853,130.76598
id_73854,130.77559
id_73855,130.799
id_73856,130.7341
id_73857,131.20154
id_73858,130.7841
id_73859,130.60838
id_73860,130.61096
id_73861,130.70499
id_73862,130.88875
id_73863,130.79811
id_73864,130.77702
id_73865,130.75984
id_73866,131.64871
id_73867,131.93391
id_73868,131.84612
id_73869,131.99321
id_73870,132.11719
id_73871,132.55698
id_73872,132.57544
id_73873,133.2363
id_73874,133.3956
id_73875,133.58714
id_73876,134.21465
id_73877,134.53029
id_73878,134.63087
id_73879,135.12836
id_73880,135.43668
id_73881,135.60078
id_73882,136.46811
id_73883,136.3814
id_73884,136.32591
id_73885,136.87318
id_73886,137.15662
id_73887,137.1159
id_73888,136.80646
id_73889,137.192
id_73890,137.34866
id_73891,137.34233
id_74605,153.8311
id_74606,155.50072
id_74607,155.79564
id_74608,155.65234
id_74609,156.60486
id_74610,156.81027
id_74611,158.35751
id_74612,158.9753
id_74613,159.06883
id_74614,159.05698
id_74615,159.00188
id_74616,159.43834
id_74617,159.1151
id_74618,159.30206
id_74619,159.35509
id_74620,158.88545
id_74621,158.89786
id_74622,158.92499
id_74623,158.73268
id_74624,158.91074
id_74625,159.39082
id_74626,159.29549
id_74627,158.80658
id_74628,158.99915
id_74629,158.98904
id_74630,159.08536
id_74631,158.83658
id_74632,158.84418
id_74633,158.99953
id_74634,158.89777
id_74635,158.99222
id_74636,158.85771
id_74637,158.89566
id_74638,158.94838
id_74639,158.975
id_74640,158.95706
id_74641,158.93568
id_74642,158.93324
id_74643,158.93666
id_74644,158.95122
id_74645,158.99449
id_75359,55.783993
id_75360,56.038525
id_75361,55.65211
id_75362,55.524925
id_75363,56.736065
id_75364,56.513145
id_75365,56.726498
id_75366,56.861546
id_75367,58.089855
id_75368,58.153927
id_75369,58.109333
id_75370,58.032177
id_75371,58.111736
id_75372,58.162033
id_75373,58.28771
id_75374,58.24475
id_75375,58.11485
id_75376,58.150894
id_75377,58.124115
id_75378,56.774002
id_75379,56.825996
id_75380,56.84575
id_75381,56.402996
id_75382,56.371197
id_75383,56.139866
id_75384,54.05111
id_75385,54.058537
id_75386,54.03395
id_75387,53.66668
id_75388,53.643753
id_75389,53.451454
id_75390,53.70085
id_75391,54.584244
id_75392,54.272858
id_75393,54.17219
id_75394,53.73011
id_75395,54.2501
id_75396,54.136635
id_75397,53.982372
id_75398,54.11728
id_75399,54.16848
id_76113,60.849934
id_76114,60.621174
id_76115,60.641247
id_76116,60.655453
id_76117,60.651424
id_76118,60.63422
id_76119,60.6187
id_76120,60.850777
id_76121,60.88303
id_76122,60.655254
id_76123,60.99468
id_76124,60.991726
id_76125,61.00105
id_76126,61.165703
id_76127,61.144604
id_76128,61.2441
id_76129,61.318825
id_76130,61.321472
id_76131,61.31334
id_76132,61.521713
id_76133,61.502293
id_76134,61.489346
id_76135,61.501118
id_76136,61.484776
id_76137,61.466694
id_76138,61.488777
id_76139,61.474968
id_76140,61.489212
id_76141,61.50059
id_76142,61.48481
id_76143,61.291004
id_76144,61.426
id_76145,61.395885
id_76146,61.26749
id_76147,61.387314
id_76148,61.404095
id_76149,61.52457
id_76150,61.551777
id_76151,61.636997
id_76152,61.837227
id_76153,62.05479
id_76867,138.65437
id_76868,138.39732
id_76869,138.51106
id_76870,138.53772
id_76871,138.54582
id_76872,138.66563
id_76873,138.743
id_76874,139.1245
id_76875,139.77756
id_76876,139.93129
id_76877,142.78343
id_76878,141.75816
id_76879,143.7492
id_76880,143.6644
id_76881,145.4382
id_76882,145.60294
id_76883,146.62314
id_76884,148.20076
id_76885,148.15862
id_76886,148.34013
id_76887,148.12923
id_76888,148.03294
id_76889,147.93895
id_76890,147.9646
id_76891,148.01471
id_76892,147.99837
id_76893,148.03093
id_76894,147.96812
id_76895,147.97885
id_76896,148.04709
id_76897,148.1447
id_76898,148.10258
id_76899,148.0772
id_76900,148.15567
id_76901,148.27621
id_76902,146.80678
id_76903,146.80914
id_76904,146.72993
id_76905,146.8142
id_76906,146.67232
id_76907,148.24252
id_77621,129.36693
id_77622,129.12541
id_77623,129.27791
id_77624,129.1116
id_77625,129.34366
id_77626,129.91052
id_77627,130.1067
id_77628,129.7884
id_77629,129.91737
id_77630,129.82999
id_77631,129.94383
id_77632,130.33702
id_77633,130.42725
id_77634,130.25131
id_77635,130.39642
id_77636,130.49477
id_77637,132.6919
id_77638,133.76965
id_77639,134.05026
id_77640,133.98918
id_77641,134.02199
id_77642,133.96306
id_77643,134.09018
id_77644,134.09186
id_77645,134.03378
id_77646,134.13528
id_77647,134.13783
id_77648,134.06808
id_77649,133.39731
id_77650,133.41292
id_77651,133.42465
id_77652,133.4039
id_77653,133.46066
id_77654,133.43738
id_77655,133.49553
id_77656,133.4309
id_77657,133.4386
id_77658,134.23401
id_77659,133.41193
id_77660,134.16643
id_77661,134.06958
